Button #1,Button #2,Button #3,Button #4,Button #5,Button #6,Button #7,Button #8,Button #9
Up,Down,Down,Up,Up,Down,Down,Right,Right
Up,Down,Down,Up,Up,Down,Down,C,Left
Up,Down,Down,Up,Up,Down,C,Up,Right
Up,Down,Down,Up,Up,Down,A,Up,Left
Up,Down,Down,Up,Up,Left,Up,Right,Right
Up,Down,Down,Up,Up,Left,Up,C,Left
Up,Down,Down,Up,Up,A,Up,Up,Right
Up,Down,Down,Up,Up,B,Up,Up,Left
Up,Down,Left,Down,Up,Down,Down,Right,Right
Up,Down,Left,Down,Up,Down,Down,C,Left
Up,Down,Left,Down,Up,Down,C,Up,Right
Up,Down,Left,Down,Up,Down,A,Up,Left
Up,Down,Left,Down,Up,Left,Up,Right,Right
Up,Down,Left,Down,Up,Left,Up,C,Left
Up,Down,Left,Down,Up,A,Up,Up,Right
Up,Down,Left,Down,Up,B,Up,Up,Left
Up,Down,Left,Left,Down,Down,Down,Right,Right
Up,Down,Left,Left,Down,Down,Down,C,Left
Up,Down,Left,Left,Down,Down,C,Up,Right
Up,Down,Left,Left,Down,Down,A,Up,Left
Up,Down,Left,Left,Down,Left,Up,Right,Right
Up,Down,Left,Left,Down,Left,Up,C,Left
Up,Down,Left,Left,Down,A,Up,Up,Right
Up,Down,Left,Left,Down,B,Up,Up,Left
Up,Down,Left,Left,Left,Up,Down,Right,Right
Up,Down,Left,Left,Left,Up,Down,C,Left
Up,Down,Left,Left,Left,Up,C,Up,Right
Up,Down,Left,Left,Left,Up,A,Up,Left
Up,Down,Left,Left,Right,Up,Up,Right,Right
Up,Down,Left,Left,Right,Up,Up,C,Left
Up,Down,Left,Left,B,Up,Up,Up,Right
Up,Down,Left,Right,Down,Up,Down,Right,Right
Up,Down,Left,Right,Down,Up,Down,C,Left
Up,Down,Left,Right,Down,Up,C,Up,Right
Up,Down,Left,Right,Down,Up,A,Up,Left
Up,Down,Left,Right,Left,Down,Down,Right,Right
Up,Down,Left,Right,Left,Down,Down,C,Left
Up,Down,Left,Right,Left,Down,C,Up,Right
Up,Down,Left,Right,Left,Down,A,Up,Left
Up,Down,Left,Right,Left,Left,Up,Right,Right
Up,Down,Left,Right,Left,Left,Up,C,Left
Up,Down,Left,Right,Left,A,Up,Up,Right
Up,Down,Left,Right,Left,B,Up,Up,Left
Up,Down,Left,Right,Right,Down,Up,Right,Right
Up,Down,Left,Right,Right,Down,Up,C,Left
Up,Down,Left,Right,Right,Left,Down,Right,Right
Up,Down,Left,Right,Right,Left,Down,C,Left
Up,Down,Left,Right,Right,Left,C,Up,Right
Up,Down,Left,Right,Right,Left,A,Up,Left
Up,Down,Left,Right,Right,Right,Left,Right,Right
Up,Down,Left,Right,Right,Right,Left,C,Left
Up,Down,Left,Right,Right,Right,C,Down,Right
Up,Down,Left,Right,Right,Right,C,C,Up
Up,Down,Left,Right,Right,Right,A,Down,Left
Up,Down,Left,Right,Right,Right,A,Right,Up
Up,Down,Left,Right,Right,C,Right,Right,Right
Up,Down,Left,Right,Right,C,Right,C,Left
Up,Down,Left,Right,Right,C,C,Left,Right
Up,Down,Left,Right,Right,C,C,C,Down
Up,Down,Left,Right,Right,C,A,Left,Left
Up,Down,Left,Right,Right,C,A,Right,Down
Up,Down,Left,Right,Right,A,Down,Up,Right
Up,Down,Left,Right,Right,A,Left,Down,Right
Up,Down,Left,Right,Right,A,Left,C,Up
Up,Down,Left,Right,Right,A,Right,Left,Right
Up,Down,Left,Right,Right,A,Right,C,Down
Up,Down,Left,Right,Right,A,C,Right,Right
Up,Down,Left,Right,Right,A,C,C,Left
Up,Down,Left,Right,Right,A,A,Down,Up
Up,Down,Left,Right,Right,A,A,Left,Down
Up,Down,Left,Right,Right,A,A,Right,Left
Up,Down,Left,Right,Right,A,A,C,Right
Up,Down,Left,Right,Right,A,A,A,C
Up,Down,Left,Right,Right,A,A,B,A
Up,Down,Left,Right,Right,A,B,C,C
Up,Down,Left,Right,Right,A,B,A,Right
Up,Down,Left,Right,Right,B,Down,Up,Left
Up,Down,Left,Right,Right,B,Left,Down,Left
Up,Down,Left,Right,Right,B,Left,Right,Up
Up,Down,Left,Right,Right,B,Right,Left,Left
Up,Down,Left,Right,Right,B,Right,Right,Down
Up,Down,Left,Right,Right,B,C,Down,Up
Up,Down,Left,Right,Right,B,C,Left,Down
Up,Down,Left,Right,Right,B,C,Right,Left
Up,Down,Left,Right,Right,B,C,C,Right
Up,Down,Left,Right,Right,B,C,A,C
Up,Down,Left,Right,Right,B,C,B,A
Up,Down,Left,Right,Right,B,A,Right,Right
Up,Down,Left,Right,Right,B,A,C,Left
Up,Down,Left,Right,Right,B,B,Right,C
Up,Down,Left,Right,Right,B,B,A,Left
Up,Down,Left,Right,C,Left,Left,Right,Right
Up,Down,Left,Right,C,Left,Left,C,Left
Up,Down,Left,Right,C,Left,C,Down,Right
Up,Down,Left,Right,C,Left,C,C,Up
Up,Down,Left,Right,C,Left,A,Down,Left
Up,Down,Left,Right,C,Left,A,Right,Up
Up,Down,Left,Right,C,Right,Down,Right,Right
Up,Down,Left,Right,C,Right,Down,C,Left
Up,Down,Left,Right,C,Right,C,Up,Right
Up,Down,Left,Right,C,Right,A,Up,Left
Up,Down,Left,Right,C,A,Down,Down,Right
Up,Down,Left,Right,C,A,Down,C,Up
Up,Down,Left,Right,C,A,Left,Up,Right
Up,Down,Left,Right,C,A,A,Up,Up
Up,Down,Left,Right,C,B,Down,Down,Left
Up,Down,Left,Right,C,B,Down,Right,Up
Up,Down,Left,Right,C,B,Left,Up,Left
Up,Down,Left,Right,C,B,C,Up,Up
Up,Down,Left,Right,A,Left,Right,Right,Right
Up,Down,Left,Right,A,Left,Right,C,Left
Up,Down,Left,Right,A,Left,C,Left,Right
Up,Down,Left,Right,A,Left,C,C,Down
Up,Down,Left,Right,A,Left,A,Left,Left
Up,Down,Left,Right,A,Left,A,Right,Down
Up,Down,Left,Right,A,C,Down,Right,Right
Up,Down,Left,Right,A,C,Down,C,Left
Up,Down,Left,Right,A,C,C,Up,Right
Up,Down,Left,Right,A,C,A,Up,Left
Up,Down,Left,Right,A,A,Down,Left,Right
Up,Down,Left,Right,A,A,Down,C,Down
Up,Down,Left,Right,A,A,Right,Up,Right
Up,Down,Left,Right,A,A,A,Up,Down
Up,Down,Left,Right,A,B,Down,Left,Left
Up,Down,Left,Right,A,B,Down,Right,Down
Up,Down,Left,Right,A,B,Right,Up,Left
Up,Down,Left,Right,A,B,C,Up,Down
Up,Down,Left,Right,B,Down,Up,Up,Right
Up,Down,Left,Right,B,Left,Down,Up,Right
Up,Down,Left,Right,B,Left,Left,Down,Right
Up,Down,Left,Right,B,Left,Left,C,Up
Up,Down,Left,Right,B,Left,Right,Left,Right
Up,Down,Left,Right,B,Left,Right,C,Down
Up,Down,Left,Right,B,Left,C,Right,Right
Up,Down,Left,Right,B,Left,C,C,Left
Up,Down,Left,Right,B,Left,A,Down,Up
Up,Down,Left,Right,B,Left,A,Left,Down
Up,Down,Left,Right,B,Left,A,Right,Left
Up,Down,Left,Right,B,Left,A,C,Right
Up,Down,Left,Right,B,Left,A,A,C
Up,Down,Left,Right,B,Left,A,B,A
Up,Down,Left,Right,B,Left,B,C,C
Up,Down,Left,Right,B,Left,B,A,Right
Up,Down,Left,Right,B,Right,Down,Down,Right
Up,Down,Left,Right,B,Right,Down,C,Up
Up,Down,Left,Right,B,Right,Left,Up,Right
Up,Down,Left,Right,B,Right,A,Up,Up
Up,Down,Left,Right,B,C,Down,Left,Right
Up,Down,Left,Right,B,C,Down,C,Down
Up,Down,Left,Right,B,C,Right,Up,Right
Up,Down,Left,Right,B,C,A,Up,Down
Up,Down,Left,Right,B,A,Down,Right,Right
Up,Down,Left,Right,B,A,Down,C,Left
Up,Down,Left,Right,B,A,C,Up,Right
Up,Down,Left,Right,B,A,A,Up,Left
Up,Down,Left,Right,B,B,Down,Down,Up
Up,Down,Left,Right,B,B,Down,Left,Down
Up,Down,Left,Right,B,B,Down,Right,Left
Up,Down,Left,Right,B,B,Down,C,Right
Up,Down,Left,Right,B,B,Down,A,C
Up,Down,Left,Right,B,B,Down,B,A
Up,Down,Left,Right,B,B,Left,Up,Up
Up,Down,Left,Right,B,B,Right,Up,Down
Up,Down,Left,Right,B,B,C,Up,Left
Up,Down,Left,Right,B,B,A,Up,Right
Up,Down,Left,Right,B,B,B,Up,C
Up,Down,Left,C,Down,Up,Up,Right,Right
Up,Down,Left,C,Down,Up,Up,C,Left
Up,Down,Left,C,Left,Down,Up,Right,Right
Up,Down,Left,C,Left,Down,Up,C,Left
Up,Down,Left,C,Left,Left,Down,Right,Right
Up,Down,Left,C,Left,Left,Down,C,Left
Up,Down,Left,C,Left,Left,C,Up,Right
Up,Down,Left,C,Left,Left,A,Up,Left
Up,Down,Left,C,Left,Right,Left,Right,Right
Up,Down,Left,C,Left,Right,Left,C,Left
Up,Down,Left,C,Left,Right,C,Down,Right
Up,Down,Left,C,Left,Right,C,C,Up
Up,Down,Left,C,Left,Right,A,Down,Left
Up,Down,Left,C,Left,Right,A,Right,Up
Up,Down,Left,C,Left,C,Right,Right,Right
Up,Down,Left,C,Left,C,Right,C,Left
Up,Down,Left,C,Left,C,C,Left,Right
Up,Down,Left,C,Left,C,C,C,Down
Up,Down,Left,C,Left,C,A,Left,Left
Up,Down,Left,C,Left,C,A,Right,Down
Up,Down,Left,C,Left,A,Down,Up,Right
Up,Down,Left,C,Left,A,Left,Down,Right
Up,Down,Left,C,Left,A,Left,C,Up
Up,Down,Left,C,Left,A,Right,Left,Right
Up,Down,Left,C,Left,A,Right,C,Down
Up,Down,Left,C,Left,A,C,Right,Right
Up,Down,Left,C,Left,A,C,C,Left
Up,Down,Left,C,Left,A,A,Down,Up
Up,Down,Left,C,Left,A,A,Left,Down
Up,Down,Left,C,Left,A,A,Right,Left
Up,Down,Left,C,Left,A,A,C,Right
Up,Down,Left,C,Left,A,A,A,C
Up,Down,Left,C,Left,A,A,B,A
Up,Down,Left,C,Left,A,B,C,C
Up,Down,Left,C,Left,A,B,A,Right
Up,Down,Left,C,Left,B,Down,Up,Left
Up,Down,Left,C,Left,B,Left,Down,Left
Up,Down,Left,C,Left,B,Left,Right,Up
Up,Down,Left,C,Left,B,Right,Left,Left
Up,Down,Left,C,Left,B,Right,Right,Down
Up,Down,Left,C,Left,B,C,Down,Up
Up,Down,Left,C,Left,B,C,Left,Down
Up,Down,Left,C,Left,B,C,Right,Left
Up,Down,Left,C,Left,B,C,C,Right
Up,Down,Left,C,Left,B,C,A,C
Up,Down,Left,C,Left,B,C,B,A
Up,Down,Left,C,Left,B,A,Right,Right
Up,Down,Left,C,Left,B,A,C,Left
Up,Down,Left,C,Left,B,B,Right,C
Up,Down,Left,C,Left,B,B,A,Left
Up,Down,Left,C,Right,Down,Down,Right,Right
Up,Down,Left,C,Right,Down,Down,C,Left
Up,Down,Left,C,Right,Down,C,Up,Right
Up,Down,Left,C,Right,Down,A,Up,Left
Up,Down,Left,C,Right,Left,Up,Right,Right
Up,Down,Left,C,Right,Left,Up,C,Left
Up,Down,Left,C,Right,A,Up,Up,Right
Up,Down,Left,C,Right,B,Up,Up,Left
Up,Down,Left,C,C,Down,Left,Right,Right
Up,Down,Left,C,C,Down,Left,C,Left
Up,Down,Left,C,C,Down,C,Down,Right
Up,Down,Left,C,C,Down,C,C,Up
Up,Down,Left,C,C,Down,A,Down,Left
Up,Down,Left,C,C,Down,A,Right,Up
Up,Down,Left,C,C,Right,Up,Right,Right
Up,Down,Left,C,C,Right,Up,C,Left
Up,Down,Left,C,C,A,Up,Down,Right
Up,Down,Left,C,C,A,Up,C,Up
Up,Down,Left,C,C,B,Up,Down,Left
Up,Down,Left,C,C,B,Up,Right,Up
Up,Down,Left,C,A,Down,Right,Right,Right
Up,Down,Left,C,A,Down,Right,C,Left
Up,Down,Left,C,A,Down,C,Left,Right
Up,Down,Left,C,A,Down,C,C,Down
Up,Down,Left,C,A,Down,A,Left,Left
Up,Down,Left,C,A,Down,A,Right,Down
Up,Down,Left,C,A,C,Up,Right,Right
Up,Down,Left,C,A,C,Up,C,Left
Up,Down,Left,C,A,A,Up,Left,Right
Up,Down,Left,C,A,A,Up,C,Down
Up,Down,Left,C,A,B,Up,Left,Left
Up,Down,Left,C,A,B,Up,Right,Down
Up,Down,Left,C,B,Down,Down,Up,Right
Up,Down,Left,C,B,Down,Left,Down,Right
Up,Down,Left,C,B,Down,Left,C,Up
Up,Down,Left,C,B,Down,Right,Left,Right
Up,Down,Left,C,B,Down,Right,C,Down
Up,Down,Left,C,B,Down,C,Right,Right
Up,Down,Left,C,B,Down,C,C,Left
Up,Down,Left,C,B,Down,A,Down,Up
Up,Down,Left,C,B,Down,A,Left,Down
Up,Down,Left,C,B,Down,A,Right,Left
Up,Down,Left,C,B,Down,A,C,Right
Up,Down,Left,C,B,Down,A,A,C
Up,Down,Left,C,B,Down,A,B,A
Up,Down,Left,C,B,Down,B,C,C
Up,Down,Left,C,B,Down,B,A,Right
Up,Down,Left,C,B,Left,Up,Up,Right
Up,Down,Left,C,B,Right,Up,Down,Right
Up,Down,Left,C,B,Right,Up,C,Up
Up,Down,Left,C,B,C,Up,Left,Right
Up,Down,Left,C,B,C,Up,C,Down
Up,Down,Left,C,B,A,Up,Right,Right
Up,Down,Left,C,B,A,Up,C,Left
Up,Down,Left,C,B,B,Up,Down,Up
Up,Down,Left,C,B,B,Up,Left,Down
Up,Down,Left,C,B,B,Up,Right,Left
Up,Down,Left,C,B,B,Up,C,Right
Up,Down,Left,C,B,B,Up,A,C
Up,Down,Left,C,B,B,Up,B,A
Up,Down,Left,A,Left,Left,Left,Right,Right
Up,Down,Left,A,Left,Left,Left,C,Left
Up,Down,Left,A,Left,Left,C,Down,Right
Up,Down,Left,A,Left,Left,C,C,Up
Up,Down,Left,A,Left,Left,A,Down,Left
Up,Down,Left,A,Left,Left,A,Right,Up
Up,Down,Left,A,Left,Right,Down,Right,Right
Up,Down,Left,A,Left,Right,Down,C,Left
Up,Down,Left,A,Left,Right,C,Up,Right
Up,Down,Left,A,Left,Right,A,Up,Left
Up,Down,Left,A,Left,A,Down,Down,Right
Up,Down,Left,A,Left,A,Down,C,Up
Up,Down,Left,A,Left,A,Left,Up,Right
Up,Down,Left,A,Left,A,A,Up,Up
Up,Down,Left,A,Left,B,Down,Down,Left
Up,Down,Left,A,Left,B,Down,Right,Up
Up,Down,Left,A,Left,B,Left,Up,Left
Up,Down,Left,A,Left,B,C,Up,Up
Up,Down,Left,A,Right,Down,Left,Right,Right
Up,Down,Left,A,Right,Down,Left,C,Left
Up,Down,Left,A,Right,Down,C,Down,Right
Up,Down,Left,A,Right,Down,C,C,Up
Up,Down,Left,A,Right,Down,A,Down,Left
Up,Down,Left,A,Right,Down,A,Right,Up
Up,Down,Left,A,Right,Right,Up,Right,Right
Up,Down,Left,A,Right,Right,Up,C,Left
Up,Down,Left,A,Right,A,Up,Down,Right
Up,Down,Left,A,Right,A,Up,C,Up
Up,Down,Left,A,Right,B,Up,Down,Left
Up,Down,Left,A,Right,B,Up,Right,Up
Up,Down,Left,A,C,Down,Down,Right,Right
Up,Down,Left,A,C,Down,Down,C,Left
Up,Down,Left,A,C,Down,C,Up,Right
Up,Down,Left,A,C,Down,A,Up,Left
Up,Down,Left,A,C,Left,Up,Right,Right
Up,Down,Left,A,C,Left,Up,C,Left
Up,Down,Left,A,C,A,Up,Up,Right
Up,Down,Left,A,C,B,Up,Up,Left
Up,Down,Left,A,B,Down,Down,Down,Right
Up,Down,Left,A,B,Down,Down,C,Up
Up,Down,Left,A,B,Down,Left,Up,Right
Up,Down,Left,A,B,Down,A,Up,Up
Up,Down,Left,A,B,Left,Up,Down,Right
Up,Down,Left,A,B,Left,Up,C,Up
Up,Down,Left,A,B,Right,Up,Up,Right
Up,Down,Left,A,B,B,Up,Up,Up
Up,Down,Left,B,Left,Left,Right,Right,Right
Up,Down,Left,B,Left,Left,Right,C,Left
Up,Down,Left,B,Left,Left,C,Left,Right
Up,Down,Left,B,Left,Left,C,C,Down
Up,Down,Left,B,Left,Left,A,Left,Left
Up,Down,Left,B,Left,Left,A,Right,Down
Up,Down,Left,B,Left,C,Down,Right,Right
Up,Down,Left,B,Left,C,Down,C,Left
Up,Down,Left,B,Left,C,C,Up,Right
Up,Down,Left,B,Left,C,A,Up,Left
Up,Down,Left,B,Left,A,Down,Left,Right
Up,Down,Left,B,Left,A,Down,C,Down
Up,Down,Left,B,Left,A,Right,Up,Right
Up,Down,Left,B,Left,A,A,Up,Down
Up,Down,Left,B,Left,B,Down,Left,Left
Up,Down,Left,B,Left,B,Down,Right,Down
Up,Down,Left,B,Left,B,Right,Up,Left
Up,Down,Left,B,Left,B,C,Up,Down
Up,Down,Left,B,Right,Down,Right,Right,Right
Up,Down,Left,B,Right,Down,Right,C,Left
Up,Down,Left,B,Right,Down,C,Left,Right
Up,Down,Left,B,Right,Down,C,C,Down
Up,Down,Left,B,Right,Down,A,Left,Left
Up,Down,Left,B,Right,Down,A,Right,Down
Up,Down,Left,B,Right,C,Up,Right,Right
Up,Down,Left,B,Right,C,Up,C,Left
Up,Down,Left,B,Right,A,Up,Left,Right
Up,Down,Left,B,Right,A,Up,C,Down
Up,Down,Left,B,Right,B,Up,Left,Left
Up,Down,Left,B,Right,B,Up,Right,Down
Up,Down,Left,B,A,Down,Down,Right,Right
Up,Down,Left,B,A,Down,Down,C,Left
Up,Down,Left,B,A,Down,C,Up,Right
Up,Down,Left,B,A,Down,A,Up,Left
Up,Down,Left,B,A,Left,Up,Right,Right
Up,Down,Left,B,A,Left,Up,C,Left
Up,Down,Left,B,A,A,Up,Up,Right
Up,Down,Left,B,A,B,Up,Up,Left
Up,Down,Left,B,B,Down,Down,Left,Right
Up,Down,Left,B,B,Down,Down,C,Down
Up,Down,Left,B,B,Down,Right,Up,Right
Up,Down,Left,B,B,Down,A,Up,Down
Up,Down,Left,B,B,Left,Up,Left,Right
Up,Down,Left,B,B,Left,Up,C,Down
Up,Down,Left,B,B,C,Up,Up,Right
Up,Down,Left,B,B,B,Up,Up,Down
Up,Down,Right,Down,Down,Down,Down,Right,Right
Up,Down,Right,Down,Down,Down,Down,C,Left
Up,Down,Right,Down,Down,Down,C,Up,Right
Up,Down,Right,Down,Down,Down,A,Up,Left
Up,Down,Right,Down,Down,Left,Up,Right,Right
Up,Down,Right,Down,Down,Left,Up,C,Left
Up,Down,Right,Down,Down,A,Up,Up,Right
Up,Down,Right,Down,Down,B,Up,Up,Left
Up,Down,Right,Down,Left,Up,Down,Right,Right
Up,Down,Right,Down,Left,Up,Down,C,Left
Up,Down,Right,Down,Left,Up,C,Up,Right
Up,Down,Right,Down,Left,Up,A,Up,Left
Up,Down,Right,Down,Right,Up,Up,Right,Right
Up,Down,Right,Down,Right,Up,Up,C,Left
Up,Down,Right,Down,B,Up,Up,Up,Right
Up,Down,Right,Left,Up,Down,Down,Right,Right
Up,Down,Right,Left,Up,Down,Down,C,Left
Up,Down,Right,Left,Up,Down,C,Up,Right
Up,Down,Right,Left,Up,Down,A,Up,Left
Up,Down,Right,Left,Up,Left,Up,Right,Right
Up,Down,Right,Left,Up,Left,Up,C,Left
Up,Down,Right,Left,Up,A,Up,Up,Right
Up,Down,Right,Left,Up,B,Up,Up,Left
Up,Down,Right,Right,Up,Up,Down,Right,Right
Up,Down,Right,Right,Up,Up,Down,C,Left
Up,Down,Right,Right,Up,Up,C,Up,Right
Up,Down,Right,Right,Up,Up,A,Up,Left
Up,Down,Right,C,Up,Up,Up,Right,Right
Up,Down,Right,C,Up,Up,Up,C,Left
Up,Down,C,Down,Down,Up,Down,Right,Right
Up,Down,C,Down,Down,Up,Down,C,Left
Up,Down,C,Down,Down,Up,C,Up,Right
Up,Down,C,Down,Down,Up,A,Up,Left
Up,Down,C,Down,Left,Down,Down,Right,Right
Up,Down,C,Down,Left,Down,Down,C,Left
Up,Down,C,Down,Left,Down,C,Up,Right
Up,Down,C,Down,Left,Down,A,Up,Left
Up,Down,C,Down,Left,Left,Up,Right,Right
Up,Down,C,Down,Left,Left,Up,C,Left
Up,Down,C,Down,Left,A,Up,Up,Right
Up,Down,C,Down,Left,B,Up,Up,Left
Up,Down,C,Down,Right,Down,Up,Right,Right
Up,Down,C,Down,Right,Down,Up,C,Left
Up,Down,C,Down,Right,Left,Down,Right,Right
Up,Down,C,Down,Right,Left,Down,C,Left
Up,Down,C,Down,Right,Left,C,Up,Right
Up,Down,C,Down,Right,Left,A,Up,Left
Up,Down,C,Down,Right,Right,Left,Right,Right
Up,Down,C,Down,Right,Right,Left,C,Left
Up,Down,C,Down,Right,Right,C,Down,Right
Up,Down,C,Down,Right,Right,C,C,Up
Up,Down,C,Down,Right,Right,A,Down,Left
Up,Down,C,Down,Right,Right,A,Right,Up
Up,Down,C,Down,Right,C,Right,Right,Right
Up,Down,C,Down,Right,C,Right,C,Left
Up,Down,C,Down,Right,C,C,Left,Right
Up,Down,C,Down,Right,C,C,C,Down
Up,Down,C,Down,Right,C,A,Left,Left
Up,Down,C,Down,Right,C,A,Right,Down
Up,Down,C,Down,Right,A,Down,Up,Right
Up,Down,C,Down,Right,A,Left,Down,Right
Up,Down,C,Down,Right,A,Left,C,Up
Up,Down,C,Down,Right,A,Right,Left,Right
Up,Down,C,Down,Right,A,Right,C,Down
Up,Down,C,Down,Right,A,C,Right,Right
Up,Down,C,Down,Right,A,C,C,Left
Up,Down,C,Down,Right,A,A,Down,Up
Up,Down,C,Down,Right,A,A,Left,Down
Up,Down,C,Down,Right,A,A,Right,Left
Up,Down,C,Down,Right,A,A,C,Right
Up,Down,C,Down,Right,A,A,A,C
Up,Down,C,Down,Right,A,A,B,A
Up,Down,C,Down,Right,A,B,C,C
Up,Down,C,Down,Right,A,B,A,Right
Up,Down,C,Down,Right,B,Down,Up,Left
Up,Down,C,Down,Right,B,Left,Down,Left
Up,Down,C,Down,Right,B,Left,Right,Up
Up,Down,C,Down,Right,B,Right,Left,Left
Up,Down,C,Down,Right,B,Right,Right,Down
Up,Down,C,Down,Right,B,C,Down,Up
Up,Down,C,Down,Right,B,C,Left,Down
Up,Down,C,Down,Right,B,C,Right,Left
Up,Down,C,Down,Right,B,C,C,Right
Up,Down,C,Down,Right,B,C,A,C
Up,Down,C,Down,Right,B,C,B,A
Up,Down,C,Down,Right,B,A,Right,Right
Up,Down,C,Down,Right,B,A,C,Left
Up,Down,C,Down,Right,B,B,Right,C
Up,Down,C,Down,Right,B,B,A,Left
Up,Down,C,Down,C,Left,Left,Right,Right
Up,Down,C,Down,C,Left,Left,C,Left
Up,Down,C,Down,C,Left,C,Down,Right
Up,Down,C,Down,C,Left,C,C,Up
Up,Down,C,Down,C,Left,A,Down,Left
Up,Down,C,Down,C,Left,A,Right,Up
Up,Down,C,Down,C,Right,Down,Right,Right
Up,Down,C,Down,C,Right,Down,C,Left
Up,Down,C,Down,C,Right,C,Up,Right
Up,Down,C,Down,C,Right,A,Up,Left
Up,Down,C,Down,C,A,Down,Down,Right
Up,Down,C,Down,C,A,Down,C,Up
Up,Down,C,Down,C,A,Left,Up,Right
Up,Down,C,Down,C,A,A,Up,Up
Up,Down,C,Down,C,B,Down,Down,Left
Up,Down,C,Down,C,B,Down,Right,Up
Up,Down,C,Down,C,B,Left,Up,Left
Up,Down,C,Down,C,B,C,Up,Up
Up,Down,C,Down,A,Left,Right,Right,Right
Up,Down,C,Down,A,Left,Right,C,Left
Up,Down,C,Down,A,Left,C,Left,Right
Up,Down,C,Down,A,Left,C,C,Down
Up,Down,C,Down,A,Left,A,Left,Left
Up,Down,C,Down,A,Left,A,Right,Down
Up,Down,C,Down,A,C,Down,Right,Right
Up,Down,C,Down,A,C,Down,C,Left
Up,Down,C,Down,A,C,C,Up,Right
Up,Down,C,Down,A,C,A,Up,Left
Up,Down,C,Down,A,A,Down,Left,Right
Up,Down,C,Down,A,A,Down,C,Down
Up,Down,C,Down,A,A,Right,Up,Right
Up,Down,C,Down,A,A,A,Up,Down
Up,Down,C,Down,A,B,Down,Left,Left
Up,Down,C,Down,A,B,Down,Right,Down
Up,Down,C,Down,A,B,Right,Up,Left
Up,Down,C,Down,A,B,C,Up,Down
Up,Down,C,Down,B,Down,Up,Up,Right
Up,Down,C,Down,B,Left,Down,Up,Right
Up,Down,C,Down,B,Left,Left,Down,Right
Up,Down,C,Down,B,Left,Left,C,Up
Up,Down,C,Down,B,Left,Right,Left,Right
Up,Down,C,Down,B,Left,Right,C,Down
Up,Down,C,Down,B,Left,C,Right,Right
Up,Down,C,Down,B,Left,C,C,Left
Up,Down,C,Down,B,Left,A,Down,Up
Up,Down,C,Down,B,Left,A,Left,Down
Up,Down,C,Down,B,Left,A,Right,Left
Up,Down,C,Down,B,Left,A,C,Right
Up,Down,C,Down,B,Left,A,A,C
Up,Down,C,Down,B,Left,A,B,A
Up,Down,C,Down,B,Left,B,C,C
Up,Down,C,Down,B,Left,B,A,Right
Up,Down,C,Down,B,Right,Down,Down,Right
Up,Down,C,Down,B,Right,Down,C,Up
Up,Down,C,Down,B,Right,Left,Up,Right
Up,Down,C,Down,B,Right,A,Up,Up
Up,Down,C,Down,B,C,Down,Left,Right
Up,Down,C,Down,B,C,Down,C,Down
Up,Down,C,Down,B,C,Right,Up,Right
Up,Down,C,Down,B,C,A,Up,Down
Up,Down,C,Down,B,A,Down,Right,Right
Up,Down,C,Down,B,A,Down,C,Left
Up,Down,C,Down,B,A,C,Up,Right
Up,Down,C,Down,B,A,A,Up,Left
Up,Down,C,Down,B,B,Down,Down,Up
Up,Down,C,Down,B,B,Down,Left,Down
Up,Down,C,Down,B,B,Down,Right,Left
Up,Down,C,Down,B,B,Down,C,Right
Up,Down,C,Down,B,B,Down,A,C
Up,Down,C,Down,B,B,Down,B,A
Up,Down,C,Down,B,B,Left,Up,Up
Up,Down,C,Down,B,B,Right,Up,Down
Up,Down,C,Down,B,B,C,Up,Left
Up,Down,C,Down,B,B,A,Up,Right
Up,Down,C,Down,B,B,B,Up,C
Up,Down,C,Left,Up,Up,Down,Right,Right
Up,Down,C,Left,Up,Up,Down,C,Left
Up,Down,C,Left,Up,Up,C,Up,Right
Up,Down,C,Left,Up,Up,A,Up,Left
Up,Down,C,Right,Up,Down,Down,Right,Right
Up,Down,C,Right,Up,Down,Down,C,Left
Up,Down,C,Right,Up,Down,C,Up,Right
Up,Down,C,Right,Up,Down,A,Up,Left
Up,Down,C,Right,Up,Left,Up,Right,Right
Up,Down,C,Right,Up,Left,Up,C,Left
Up,Down,C,Right,Up,A,Up,Up,Right
Up,Down,C,Right,Up,B,Up,Up,Left
Up,Down,C,C,Up,Down,Up,Right,Right
Up,Down,C,C,Up,Down,Up,C,Left
Up,Down,C,C,Up,Left,Down,Right,Right
Up,Down,C,C,Up,Left,Down,C,Left
Up,Down,C,C,Up,Left,C,Up,Right
Up,Down,C,C,Up,Left,A,Up,Left
Up,Down,C,C,Up,Right,Left,Right,Right
Up,Down,C,C,Up,Right,Left,C,Left
Up,Down,C,C,Up,Right,C,Down,Right
Up,Down,C,C,Up,Right,C,C,Up
Up,Down,C,C,Up,Right,A,Down,Left
Up,Down,C,C,Up,Right,A,Right,Up
Up,Down,C,C,Up,C,Right,Right,Right
Up,Down,C,C,Up,C,Right,C,Left
Up,Down,C,C,Up,C,C,Left,Right
Up,Down,C,C,Up,C,C,C,Down
Up,Down,C,C,Up,C,A,Left,Left
Up,Down,C,C,Up,C,A,Right,Down
Up,Down,C,C,Up,A,Down,Up,Right
Up,Down,C,C,Up,A,Left,Down,Right
Up,Down,C,C,Up,A,Left,C,Up
Up,Down,C,C,Up,A,Right,Left,Right
Up,Down,C,C,Up,A,Right,C,Down
Up,Down,C,C,Up,A,C,Right,Right
Up,Down,C,C,Up,A,C,C,Left
Up,Down,C,C,Up,A,A,Down,Up
Up,Down,C,C,Up,A,A,Left,Down
Up,Down,C,C,Up,A,A,Right,Left
Up,Down,C,C,Up,A,A,C,Right
Up,Down,C,C,Up,A,A,A,C
Up,Down,C,C,Up,A,A,B,A
Up,Down,C,C,Up,A,B,C,C
Up,Down,C,C,Up,A,B,A,Right
Up,Down,C,C,Up,B,Down,Up,Left
Up,Down,C,C,Up,B,Left,Down,Left
Up,Down,C,C,Up,B,Left,Right,Up
Up,Down,C,C,Up,B,Right,Left,Left
Up,Down,C,C,Up,B,Right,Right,Down
Up,Down,C,C,Up,B,C,Down,Up
Up,Down,C,C,Up,B,C,Left,Down
Up,Down,C,C,Up,B,C,Right,Left
Up,Down,C,C,Up,B,C,C,Right
Up,Down,C,C,Up,B,C,A,C
Up,Down,C,C,Up,B,C,B,A
Up,Down,C,C,Up,B,A,Right,Right
Up,Down,C,C,Up,B,A,C,Left
Up,Down,C,C,Up,B,B,Right,C
Up,Down,C,C,Up,B,B,A,Left
Up,Down,C,A,Up,Left,Left,Right,Right
Up,Down,C,A,Up,Left,Left,C,Left
Up,Down,C,A,Up,Left,C,Down,Right
Up,Down,C,A,Up,Left,C,C,Up
Up,Down,C,A,Up,Left,A,Down,Left
Up,Down,C,A,Up,Left,A,Right,Up
Up,Down,C,A,Up,Right,Down,Right,Right
Up,Down,C,A,Up,Right,Down,C,Left
Up,Down,C,A,Up,Right,C,Up,Right
Up,Down,C,A,Up,Right,A,Up,Left
Up,Down,C,A,Up,A,Down,Down,Right
Up,Down,C,A,Up,A,Down,C,Up
Up,Down,C,A,Up,A,Left,Up,Right
Up,Down,C,A,Up,A,A,Up,Up
Up,Down,C,A,Up,B,Down,Down,Left
Up,Down,C,A,Up,B,Down,Right,Up
Up,Down,C,A,Up,B,Left,Up,Left
Up,Down,C,A,Up,B,C,Up,Up
Up,Down,C,B,Up,Left,Right,Right,Right
Up,Down,C,B,Up,Left,Right,C,Left
Up,Down,C,B,Up,Left,C,Left,Right
Up,Down,C,B,Up,Left,C,C,Down
Up,Down,C,B,Up,Left,A,Left,Left
Up,Down,C,B,Up,Left,A,Right,Down
Up,Down,C,B,Up,C,Down,Right,Right
Up,Down,C,B,Up,C,Down,C,Left
Up,Down,C,B,Up,C,C,Up,Right
Up,Down,C,B,Up,C,A,Up,Left
Up,Down,C,B,Up,A,Down,Left,Right
Up,Down,C,B,Up,A,Down,C,Down
Up,Down,C,B,Up,A,Right,Up,Right
Up,Down,C,B,Up,A,A,Up,Down
Up,Down,C,B,Up,B,Down,Left,Left
Up,Down,C,B,Up,B,Down,Right,Down
Up,Down,C,B,Up,B,Right,Up,Left
Up,Down,C,B,Up,B,C,Up,Down
Up,Down,A,Down,Down,Up,Up,Right,Right
Up,Down,A,Down,Down,Up,Up,C,Left
Up,Down,A,Down,Left,Down,Up,Right,Right
Up,Down,A,Down,Left,Down,Up,C,Left
Up,Down,A,Down,Left,Left,Down,Right,Right
Up,Down,A,Down,Left,Left,Down,C,Left
Up,Down,A,Down,Left,Left,C,Up,Right
Up,Down,A,Down,Left,Left,A,Up,Left
Up,Down,A,Down,Left,Right,Left,Right,Right
Up,Down,A,Down,Left,Right,Left,C,Left
Up,Down,A,Down,Left,Right,C,Down,Right
Up,Down,A,Down,Left,Right,C,C,Up
Up,Down,A,Down,Left,Right,A,Down,Left
Up,Down,A,Down,Left,Right,A,Right,Up
Up,Down,A,Down,Left,C,Right,Right,Right
Up,Down,A,Down,Left,C,Right,C,Left
Up,Down,A,Down,Left,C,C,Left,Right
Up,Down,A,Down,Left,C,C,C,Down
Up,Down,A,Down,Left,C,A,Left,Left
Up,Down,A,Down,Left,C,A,Right,Down
Up,Down,A,Down,Left,A,Down,Up,Right
Up,Down,A,Down,Left,A,Left,Down,Right
Up,Down,A,Down,Left,A,Left,C,Up
Up,Down,A,Down,Left,A,Right,Left,Right
Up,Down,A,Down,Left,A,Right,C,Down
Up,Down,A,Down,Left,A,C,Right,Right
Up,Down,A,Down,Left,A,C,C,Left
Up,Down,A,Down,Left,A,A,Down,Up
Up,Down,A,Down,Left,A,A,Left,Down
Up,Down,A,Down,Left,A,A,Right,Left
Up,Down,A,Down,Left,A,A,C,Right
Up,Down,A,Down,Left,A,A,A,C
Up,Down,A,Down,Left,A,A,B,A
Up,Down,A,Down,Left,A,B,C,C
Up,Down,A,Down,Left,A,B,A,Right
Up,Down,A,Down,Left,B,Down,Up,Left
Up,Down,A,Down,Left,B,Left,Down,Left
Up,Down,A,Down,Left,B,Left,Right,Up
Up,Down,A,Down,Left,B,Right,Left,Left
Up,Down,A,Down,Left,B,Right,Right,Down
Up,Down,A,Down,Left,B,C,Down,Up
Up,Down,A,Down,Left,B,C,Left,Down
Up,Down,A,Down,Left,B,C,Right,Left
Up,Down,A,Down,Left,B,C,C,Right
Up,Down,A,Down,Left,B,C,A,C
Up,Down,A,Down,Left,B,C,B,A
Up,Down,A,Down,Left,B,A,Right,Right
Up,Down,A,Down,Left,B,A,C,Left
Up,Down,A,Down,Left,B,B,Right,C
Up,Down,A,Down,Left,B,B,A,Left
Up,Down,A,Down,Right,Down,Down,Right,Right
Up,Down,A,Down,Right,Down,Down,C,Left
Up,Down,A,Down,Right,Down,C,Up,Right
Up,Down,A,Down,Right,Down,A,Up,Left
Up,Down,A,Down,Right,Left,Up,Right,Right
Up,Down,A,Down,Right,Left,Up,C,Left
Up,Down,A,Down,Right,A,Up,Up,Right
Up,Down,A,Down,Right,B,Up,Up,Left
Up,Down,A,Down,C,Down,Left,Right,Right
Up,Down,A,Down,C,Down,Left,C,Left
Up,Down,A,Down,C,Down,C,Down,Right
Up,Down,A,Down,C,Down,C,C,Up
Up,Down,A,Down,C,Down,A,Down,Left
Up,Down,A,Down,C,Down,A,Right,Up
Up,Down,A,Down,C,Right,Up,Right,Right
Up,Down,A,Down,C,Right,Up,C,Left
Up,Down,A,Down,C,A,Up,Down,Right
Up,Down,A,Down,C,A,Up,C,Up
Up,Down,A,Down,C,B,Up,Down,Left
Up,Down,A,Down,C,B,Up,Right,Up
Up,Down,A,Down,A,Down,Right,Right,Right
Up,Down,A,Down,A,Down,Right,C,Left
Up,Down,A,Down,A,Down,C,Left,Right
Up,Down,A,Down,A,Down,C,C,Down
Up,Down,A,Down,A,Down,A,Left,Left
Up,Down,A,Down,A,Down,A,Right,Down
Up,Down,A,Down,A,C,Up,Right,Right
Up,Down,A,Down,A,C,Up,C,Left
Up,Down,A,Down,A,A,Up,Left,Right
Up,Down,A,Down,A,A,Up,C,Down
Up,Down,A,Down,A,B,Up,Left,Left
Up,Down,A,Down,A,B,Up,Right,Down
Up,Down,A,Down,B,Down,Down,Up,Right
Up,Down,A,Down,B,Down,Left,Down,Right
Up,Down,A,Down,B,Down,Left,C,Up
Up,Down,A,Down,B,Down,Right,Left,Right
Up,Down,A,Down,B,Down,Right,C,Down
Up,Down,A,Down,B,Down,C,Right,Right
Up,Down,A,Down,B,Down,C,C,Left
Up,Down,A,Down,B,Down,A,Down,Up
Up,Down,A,Down,B,Down,A,Left,Down
Up,Down,A,Down,B,Down,A,Right,Left
Up,Down,A,Down,B,Down,A,C,Right
Up,Down,A,Down,B,Down,A,A,C
Up,Down,A,Down,B,Down,A,B,A
Up,Down,A,Down,B,Down,B,C,C
Up,Down,A,Down,B,Down,B,A,Right
Up,Down,A,Down,B,Left,Up,Up,Right
Up,Down,A,Down,B,Right,Up,Down,Right
Up,Down,A,Down,B,Right,Up,C,Up
Up,Down,A,Down,B,C,Up,Left,Right
Up,Down,A,Down,B,C,Up,C,Down
Up,Down,A,Down,B,A,Up,Right,Right
Up,Down,A,Down,B,A,Up,C,Left
Up,Down,A,Down,B,B,Up,Down,Up
Up,Down,A,Down,B,B,Up,Left,Down
Up,Down,A,Down,B,B,Up,Right,Left
Up,Down,A,Down,B,B,Up,C,Right
Up,Down,A,Down,B,B,Up,A,C
Up,Down,A,Down,B,B,Up,B,A
Up,Down,A,Left,Up,Up,Up,Right,Right
Up,Down,A,Left,Up,Up,Up,C,Left
Up,Down,A,Right,Up,Down,Up,Right,Right
Up,Down,A,Right,Up,Down,Up,C,Left
Up,Down,A,Right,Up,Left,Down,Right,Right
Up,Down,A,Right,Up,Left,Down,C,Left
Up,Down,A,Right,Up,Left,C,Up,Right
Up,Down,A,Right,Up,Left,A,Up,Left
Up,Down,A,Right,Up,Right,Left,Right,Right
Up,Down,A,Right,Up,Right,Left,C,Left
Up,Down,A,Right,Up,Right,C,Down,Right
Up,Down,A,Right,Up,Right,C,C,Up
Up,Down,A,Right,Up,Right,A,Down,Left
Up,Down,A,Right,Up,Right,A,Right,Up
Up,Down,A,Right,Up,C,Right,Right,Right
Up,Down,A,Right,Up,C,Right,C,Left
Up,Down,A,Right,Up,C,C,Left,Right
Up,Down,A,Right,Up,C,C,C,Down
Up,Down,A,Right,Up,C,A,Left,Left
Up,Down,A,Right,Up,C,A,Right,Down
Up,Down,A,Right,Up,A,Down,Up,Right
Up,Down,A,Right,Up,A,Left,Down,Right
Up,Down,A,Right,Up,A,Left,C,Up
Up,Down,A,Right,Up,A,Right,Left,Right
Up,Down,A,Right,Up,A,Right,C,Down
Up,Down,A,Right,Up,A,C,Right,Right
Up,Down,A,Right,Up,A,C,C,Left
Up,Down,A,Right,Up,A,A,Down,Up
Up,Down,A,Right,Up,A,A,Left,Down
Up,Down,A,Right,Up,A,A,Right,Left
Up,Down,A,Right,Up,A,A,C,Right
Up,Down,A,Right,Up,A,A,A,C
Up,Down,A,Right,Up,A,A,B,A
Up,Down,A,Right,Up,A,B,C,C
Up,Down,A,Right,Up,A,B,A,Right
Up,Down,A,Right,Up,B,Down,Up,Left
Up,Down,A,Right,Up,B,Left,Down,Left
Up,Down,A,Right,Up,B,Left,Right,Up
Up,Down,A,Right,Up,B,Right,Left,Left
Up,Down,A,Right,Up,B,Right,Right,Down
Up,Down,A,Right,Up,B,C,Down,Up
Up,Down,A,Right,Up,B,C,Left,Down
Up,Down,A,Right,Up,B,C,Right,Left
Up,Down,A,Right,Up,B,C,C,Right
Up,Down,A,Right,Up,B,C,A,C
Up,Down,A,Right,Up,B,C,B,A
Up,Down,A,Right,Up,B,A,Right,Right
Up,Down,A,Right,Up,B,A,C,Left
Up,Down,A,Right,Up,B,B,Right,C
Up,Down,A,Right,Up,B,B,A,Left
Up,Down,A,C,Up,Down,Down,Right,Right
Up,Down,A,C,Up,Down,Down,C,Left
Up,Down,A,C,Up,Down,C,Up,Right
Up,Down,A,C,Up,Down,A,Up,Left
Up,Down,A,C,Up,Left,Up,Right,Right
Up,Down,A,C,Up,Left,Up,C,Left
Up,Down,A,C,Up,A,Up,Up,Right
Up,Down,A,C,Up,B,Up,Up,Left
Up,Down,A,A,Up,Down,Left,Right,Right
Up,Down,A,A,Up,Down,Left,C,Left
Up,Down,A,A,Up,Down,C,Down,Right
Up,Down,A,A,Up,Down,C,C,Up
Up,Down,A,A,Up,Down,A,Down,Left
Up,Down,A,A,Up,Down,A,Right,Up
Up,Down,A,A,Up,Right,Up,Right,Right
Up,Down,A,A,Up,Right,Up,C,Left
Up,Down,A,A,Up,A,Up,Down,Right
Up,Down,A,A,Up,A,Up,C,Up
Up,Down,A,A,Up,B,Up,Down,Left
Up,Down,A,A,Up,B,Up,Right,Up
Up,Down,A,B,Up,Down,Right,Right,Right
Up,Down,A,B,Up,Down,Right,C,Left
Up,Down,A,B,Up,Down,C,Left,Right
Up,Down,A,B,Up,Down,C,C,Down
Up,Down,A,B,Up,Down,A,Left,Left
Up,Down,A,B,Up,Down,A,Right,Down
Up,Down,A,B,Up,C,Up,Right,Right
Up,Down,A,B,Up,C,Up,C,Left
Up,Down,A,B,Up,A,Up,Left,Right
Up,Down,A,B,Up,A,Up,C,Down
Up,Down,A,B,Up,B,Up,Left,Left
Up,Down,A,B,Up,B,Up,Right,Down
Up,Down,B,Down,Left,Left,Left,Right,Right
Up,Down,B,Down,Left,Left,Left,C,Left
Up,Down,B,Down,Left,Left,C,Down,Right
Up,Down,B,Down,Left,Left,C,C,Up
Up,Down,B,Down,Left,Left,A,Down,Left
Up,Down,B,Down,Left,Left,A,Right,Up
Up,Down,B,Down,Left,Right,Down,Right,Right
Up,Down,B,Down,Left,Right,Down,C,Left
Up,Down,B,Down,Left,Right,C,Up,Right
Up,Down,B,Down,Left,Right,A,Up,Left
Up,Down,B,Down,Left,A,Down,Down,Right
Up,Down,B,Down,Left,A,Down,C,Up
Up,Down,B,Down,Left,A,Left,Up,Right
Up,Down,B,Down,Left,A,A,Up,Up
Up,Down,B,Down,Left,B,Down,Down,Left
Up,Down,B,Down,Left,B,Down,Right,Up
Up,Down,B,Down,Left,B,Left,Up,Left
Up,Down,B,Down,Left,B,C,Up,Up
Up,Down,B,Down,Right,Down,Left,Right,Right
Up,Down,B,Down,Right,Down,Left,C,Left
Up,Down,B,Down,Right,Down,C,Down,Right
Up,Down,B,Down,Right,Down,C,C,Up
Up,Down,B,Down,Right,Down,A,Down,Left
Up,Down,B,Down,Right,Down,A,Right,Up
Up,Down,B,Down,Right,Right,Up,Right,Right
Up,Down,B,Down,Right,Right,Up,C,Left
Up,Down,B,Down,Right,A,Up,Down,Right
Up,Down,B,Down,Right,A,Up,C,Up
Up,Down,B,Down,Right,B,Up,Down,Left
Up,Down,B,Down,Right,B,Up,Right,Up
Up,Down,B,Down,C,Down,Down,Right,Right
Up,Down,B,Down,C,Down,Down,C,Left
Up,Down,B,Down,C,Down,C,Up,Right
Up,Down,B,Down,C,Down,A,Up,Left
Up,Down,B,Down,C,Left,Up,Right,Right
Up,Down,B,Down,C,Left,Up,C,Left
Up,Down,B,Down,C,A,Up,Up,Right
Up,Down,B,Down,C,B,Up,Up,Left
Up,Down,B,Down,B,Down,Down,Down,Right
Up,Down,B,Down,B,Down,Down,C,Up
Up,Down,B,Down,B,Down,Left,Up,Right
Up,Down,B,Down,B,Down,A,Up,Up
Up,Down,B,Down,B,Left,Up,Down,Right
Up,Down,B,Down,B,Left,Up,C,Up
Up,Down,B,Down,B,Right,Up,Up,Right
Up,Down,B,Down,B,B,Up,Up,Up
Up,Down,B,Right,Up,Left,Left,Right,Right
Up,Down,B,Right,Up,Left,Left,C,Left
Up,Down,B,Right,Up,Left,C,Down,Right
Up,Down,B,Right,Up,Left,C,C,Up
Up,Down,B,Right,Up,Left,A,Down,Left
Up,Down,B,Right,Up,Left,A,Right,Up
Up,Down,B,Right,Up,Right,Down,Right,Right
Up,Down,B,Right,Up,Right,Down,C,Left
Up,Down,B,Right,Up,Right,C,Up,Right
Up,Down,B,Right,Up,Right,A,Up,Left
Up,Down,B,Right,Up,A,Down,Down,Right
Up,Down,B,Right,Up,A,Down,C,Up
Up,Down,B,Right,Up,A,Left,Up,Right
Up,Down,B,Right,Up,A,A,Up,Up
Up,Down,B,Right,Up,B,Down,Down,Left
Up,Down,B,Right,Up,B,Down,Right,Up
Up,Down,B,Right,Up,B,Left,Up,Left
Up,Down,B,Right,Up,B,C,Up,Up
Up,Down,B,C,Up,Down,Left,Right,Right
Up,Down,B,C,Up,Down,Left,C,Left
Up,Down,B,C,Up,Down,C,Down,Right
Up,Down,B,C,Up,Down,C,C,Up
Up,Down,B,C,Up,Down,A,Down,Left
Up,Down,B,C,Up,Down,A,Right,Up
Up,Down,B,C,Up,Right,Up,Right,Right
Up,Down,B,C,Up,Right,Up,C,Left
Up,Down,B,C,Up,A,Up,Down,Right
Up,Down,B,C,Up,A,Up,C,Up
Up,Down,B,C,Up,B,Up,Down,Left
Up,Down,B,C,Up,B,Up,Right,Up
Up,Down,B,A,Up,Down,Down,Right,Right
Up,Down,B,A,Up,Down,Down,C,Left
Up,Down,B,A,Up,Down,C,Up,Right
Up,Down,B,A,Up,Down,A,Up,Left
Up,Down,B,A,Up,Left,Up,Right,Right
Up,Down,B,A,Up,Left,Up,C,Left
Up,Down,B,A,Up,A,Up,Up,Right
Up,Down,B,A,Up,B,Up,Up,Left
Up,Left,Up,Up,Up,Down,Down,Right,Right
Up,Left,Up,Up,Up,Down,Down,C,Left
Up,Left,Up,Up,Up,Down,C,Up,Right
Up,Left,Up,Up,Up,Down,A,Up,Left
Up,Left,Up,Up,Up,Left,Up,Right,Right
Up,Left,Up,Up,Up,Left,Up,C,Left
Up,Left,Up,Up,Up,A,Up,Up,Right
Up,Left,Up,Up,Up,B,Up,Up,Left
Up,Right,Up,Down,Up,Down,Down,Right,Right
Up,Right,Up,Down,Up,Down,Down,C,Left
Up,Right,Up,Down,Up,Down,C,Up,Right
Up,Right,Up,Down,Up,Down,A,Up,Left
Up,Right,Up,Down,Up,Left,Up,Right,Right
Up,Right,Up,Down,Up,Left,Up,C,Left
Up,Right,Up,Down,Up,A,Up,Up,Right
Up,Right,Up,Down,Up,B,Up,Up,Left
Up,Right,Up,Left,Down,Down,Down,Right,Right
Up,Right,Up,Left,Down,Down,Down,C,Left
Up,Right,Up,Left,Down,Down,C,Up,Right
Up,Right,Up,Left,Down,Down,A,Up,Left
Up,Right,Up,Left,Down,Left,Up,Right,Right
Up,Right,Up,Left,Down,Left,Up,C,Left
Up,Right,Up,Left,Down,A,Up,Up,Right
Up,Right,Up,Left,Down,B,Up,Up,Left
Up,Right,Up,Left,Left,Up,Down,Right,Right
Up,Right,Up,Left,Left,Up,Down,C,Left
Up,Right,Up,Left,Left,Up,C,Up,Right
Up,Right,Up,Left,Left,Up,A,Up,Left
Up,Right,Up,Left,Right,Up,Up,Right,Right
Up,Right,Up,Left,Right,Up,Up,C,Left
Up,Right,Up,Left,B,Up,Up,Up,Right
Up,Right,Up,Right,Down,Up,Down,Right,Right
Up,Right,Up,Right,Down,Up,Down,C,Left
Up,Right,Up,Right,Down,Up,C,Up,Right
Up,Right,Up,Right,Down,Up,A,Up,Left
Up,Right,Up,Right,Left,Down,Down,Right,Right
Up,Right,Up,Right,Left,Down,Down,C,Left
Up,Right,Up,Right,Left,Down,C,Up,Right
Up,Right,Up,Right,Left,Down,A,Up,Left
Up,Right,Up,Right,Left,Left,Up,Right,Right
Up,Right,Up,Right,Left,Left,Up,C,Left
Up,Right,Up,Right,Left,A,Up,Up,Right
Up,Right,Up,Right,Left,B,Up,Up,Left
Up,Right,Up,Right,Right,Down,Up,Right,Right
Up,Right,Up,Right,Right,Down,Up,C,Left
Up,Right,Up,Right,Right,Left,Down,Right,Right
Up,Right,Up,Right,Right,Left,Down,C,Left
Up,Right,Up,Right,Right,Left,C,Up,Right
Up,Right,Up,Right,Right,Left,A,Up,Left
Up,Right,Up,Right,Right,Right,Left,Right,Right
Up,Right,Up,Right,Right,Right,Left,C,Left
Up,Right,Up,Right,Right,Right,C,Down,Right
Up,Right,Up,Right,Right,Right,C,C,Up
Up,Right,Up,Right,Right,Right,A,Down,Left
Up,Right,Up,Right,Right,Right,A,Right,Up
Up,Right,Up,Right,Right,C,Right,Right,Right
Up,Right,Up,Right,Right,C,Right,C,Left
Up,Right,Up,Right,Right,C,C,Left,Right
Up,Right,Up,Right,Right,C,C,C,Down
Up,Right,Up,Right,Right,C,A,Left,Left
Up,Right,Up,Right,Right,C,A,Right,Down
Up,Right,Up,Right,Right,A,Down,Up,Right
Up,Right,Up,Right,Right,A,Left,Down,Right
Up,Right,Up,Right,Right,A,Left,C,Up
Up,Right,Up,Right,Right,A,Right,Left,Right
Up,Right,Up,Right,Right,A,Right,C,Down
Up,Right,Up,Right,Right,A,C,Right,Right
Up,Right,Up,Right,Right,A,C,C,Left
Up,Right,Up,Right,Right,A,A,Down,Up
Up,Right,Up,Right,Right,A,A,Left,Down
Up,Right,Up,Right,Right,A,A,Right,Left
Up,Right,Up,Right,Right,A,A,C,Right
Up,Right,Up,Right,Right,A,A,A,C
Up,Right,Up,Right,Right,A,A,B,A
Up,Right,Up,Right,Right,A,B,C,C
Up,Right,Up,Right,Right,A,B,A,Right
Up,Right,Up,Right,Right,B,Down,Up,Left
Up,Right,Up,Right,Right,B,Left,Down,Left
Up,Right,Up,Right,Right,B,Left,Right,Up
Up,Right,Up,Right,Right,B,Right,Left,Left
Up,Right,Up,Right,Right,B,Right,Right,Down
Up,Right,Up,Right,Right,B,C,Down,Up
Up,Right,Up,Right,Right,B,C,Left,Down
Up,Right,Up,Right,Right,B,C,Right,Left
Up,Right,Up,Right,Right,B,C,C,Right
Up,Right,Up,Right,Right,B,C,A,C
Up,Right,Up,Right,Right,B,C,B,A
Up,Right,Up,Right,Right,B,A,Right,Right
Up,Right,Up,Right,Right,B,A,C,Left
Up,Right,Up,Right,Right,B,B,Right,C
Up,Right,Up,Right,Right,B,B,A,Left
Up,Right,Up,Right,C,Left,Left,Right,Right
Up,Right,Up,Right,C,Left,Left,C,Left
Up,Right,Up,Right,C,Left,C,Down,Right
Up,Right,Up,Right,C,Left,C,C,Up
Up,Right,Up,Right,C,Left,A,Down,Left
Up,Right,Up,Right,C,Left,A,Right,Up
Up,Right,Up,Right,C,Right,Down,Right,Right
Up,Right,Up,Right,C,Right,Down,C,Left
Up,Right,Up,Right,C,Right,C,Up,Right
Up,Right,Up,Right,C,Right,A,Up,Left
Up,Right,Up,Right,C,A,Down,Down,Right
Up,Right,Up,Right,C,A,Down,C,Up
Up,Right,Up,Right,C,A,Left,Up,Right
Up,Right,Up,Right,C,A,A,Up,Up
Up,Right,Up,Right,C,B,Down,Down,Left
Up,Right,Up,Right,C,B,Down,Right,Up
Up,Right,Up,Right,C,B,Left,Up,Left
Up,Right,Up,Right,C,B,C,Up,Up
Up,Right,Up,Right,A,Left,Right,Right,Right
Up,Right,Up,Right,A,Left,Right,C,Left
Up,Right,Up,Right,A,Left,C,Left,Right
Up,Right,Up,Right,A,Left,C,C,Down
Up,Right,Up,Right,A,Left,A,Left,Left
Up,Right,Up,Right,A,Left,A,Right,Down
Up,Right,Up,Right,A,C,Down,Right,Right
Up,Right,Up,Right,A,C,Down,C,Left
Up,Right,Up,Right,A,C,C,Up,Right
Up,Right,Up,Right,A,C,A,Up,Left
Up,Right,Up,Right,A,A,Down,Left,Right
Up,Right,Up,Right,A,A,Down,C,Down
Up,Right,Up,Right,A,A,Right,Up,Right
Up,Right,Up,Right,A,A,A,Up,Down
Up,Right,Up,Right,A,B,Down,Left,Left
Up,Right,Up,Right,A,B,Down,Right,Down
Up,Right,Up,Right,A,B,Right,Up,Left
Up,Right,Up,Right,A,B,C,Up,Down
Up,Right,Up,Right,B,Down,Up,Up,Right
Up,Right,Up,Right,B,Left,Down,Up,Right
Up,Right,Up,Right,B,Left,Left,Down,Right
Up,Right,Up,Right,B,Left,Left,C,Up
Up,Right,Up,Right,B,Left,Right,Left,Right
Up,Right,Up,Right,B,Left,Right,C,Down
Up,Right,Up,Right,B,Left,C,Right,Right
Up,Right,Up,Right,B,Left,C,C,Left
Up,Right,Up,Right,B,Left,A,Down,Up
Up,Right,Up,Right,B,Left,A,Left,Down
Up,Right,Up,Right,B,Left,A,Right,Left
Up,Right,Up,Right,B,Left,A,C,Right
Up,Right,Up,Right,B,Left,A,A,C
Up,Right,Up,Right,B,Left,A,B,A
Up,Right,Up,Right,B,Left,B,C,C
Up,Right,Up,Right,B,Left,B,A,Right
Up,Right,Up,Right,B,Right,Down,Down,Right
Up,Right,Up,Right,B,Right,Down,C,Up
Up,Right,Up,Right,B,Right,Left,Up,Right
Up,Right,Up,Right,B,Right,A,Up,Up
Up,Right,Up,Right,B,C,Down,Left,Right
Up,Right,Up,Right,B,C,Down,C,Down
Up,Right,Up,Right,B,C,Right,Up,Right
Up,Right,Up,Right,B,C,A,Up,Down
Up,Right,Up,Right,B,A,Down,Right,Right
Up,Right,Up,Right,B,A,Down,C,Left
Up,Right,Up,Right,B,A,C,Up,Right
Up,Right,Up,Right,B,A,A,Up,Left
Up,Right,Up,Right,B,B,Down,Down,Up
Up,Right,Up,Right,B,B,Down,Left,Down
Up,Right,Up,Right,B,B,Down,Right,Left
Up,Right,Up,Right,B,B,Down,C,Right
Up,Right,Up,Right,B,B,Down,A,C
Up,Right,Up,Right,B,B,Down,B,A
Up,Right,Up,Right,B,B,Left,Up,Up
Up,Right,Up,Right,B,B,Right,Up,Down
Up,Right,Up,Right,B,B,C,Up,Left
Up,Right,Up,Right,B,B,A,Up,Right
Up,Right,Up,Right,B,B,B,Up,C
Up,Right,Up,C,Down,Up,Up,Right,Right
Up,Right,Up,C,Down,Up,Up,C,Left
Up,Right,Up,C,Left,Down,Up,Right,Right
Up,Right,Up,C,Left,Down,Up,C,Left
Up,Right,Up,C,Left,Left,Down,Right,Right
Up,Right,Up,C,Left,Left,Down,C,Left
Up,Right,Up,C,Left,Left,C,Up,Right
Up,Right,Up,C,Left,Left,A,Up,Left
Up,Right,Up,C,Left,Right,Left,Right,Right
Up,Right,Up,C,Left,Right,Left,C,Left
Up,Right,Up,C,Left,Right,C,Down,Right
Up,Right,Up,C,Left,Right,C,C,Up
Up,Right,Up,C,Left,Right,A,Down,Left
Up,Right,Up,C,Left,Right,A,Right,Up
Up,Right,Up,C,Left,C,Right,Right,Right
Up,Right,Up,C,Left,C,Right,C,Left
Up,Right,Up,C,Left,C,C,Left,Right
Up,Right,Up,C,Left,C,C,C,Down
Up,Right,Up,C,Left,C,A,Left,Left
Up,Right,Up,C,Left,C,A,Right,Down
Up,Right,Up,C,Left,A,Down,Up,Right
Up,Right,Up,C,Left,A,Left,Down,Right
Up,Right,Up,C,Left,A,Left,C,Up
Up,Right,Up,C,Left,A,Right,Left,Right
Up,Right,Up,C,Left,A,Right,C,Down
Up,Right,Up,C,Left,A,C,Right,Right
Up,Right,Up,C,Left,A,C,C,Left
Up,Right,Up,C,Left,A,A,Down,Up
Up,Right,Up,C,Left,A,A,Left,Down
Up,Right,Up,C,Left,A,A,Right,Left
Up,Right,Up,C,Left,A,A,C,Right
Up,Right,Up,C,Left,A,A,A,C
Up,Right,Up,C,Left,A,A,B,A
Up,Right,Up,C,Left,A,B,C,C
Up,Right,Up,C,Left,A,B,A,Right
Up,Right,Up,C,Left,B,Down,Up,Left
Up,Right,Up,C,Left,B,Left,Down,Left
Up,Right,Up,C,Left,B,Left,Right,Up
Up,Right,Up,C,Left,B,Right,Left,Left
Up,Right,Up,C,Left,B,Right,Right,Down
Up,Right,Up,C,Left,B,C,Down,Up
Up,Right,Up,C,Left,B,C,Left,Down
Up,Right,Up,C,Left,B,C,Right,Left
Up,Right,Up,C,Left,B,C,C,Right
Up,Right,Up,C,Left,B,C,A,C
Up,Right,Up,C,Left,B,C,B,A
Up,Right,Up,C,Left,B,A,Right,Right
Up,Right,Up,C,Left,B,A,C,Left
Up,Right,Up,C,Left,B,B,Right,C
Up,Right,Up,C,Left,B,B,A,Left
Up,Right,Up,C,Right,Down,Down,Right,Right
Up,Right,Up,C,Right,Down,Down,C,Left
Up,Right,Up,C,Right,Down,C,Up,Right
Up,Right,Up,C,Right,Down,A,Up,Left
Up,Right,Up,C,Right,Left,Up,Right,Right
Up,Right,Up,C,Right,Left,Up,C,Left
Up,Right,Up,C,Right,A,Up,Up,Right
Up,Right,Up,C,Right,B,Up,Up,Left
Up,Right,Up,C,C,Down,Left,Right,Right
Up,Right,Up,C,C,Down,Left,C,Left
Up,Right,Up,C,C,Down,C,Down,Right
Up,Right,Up,C,C,Down,C,C,Up
Up,Right,Up,C,C,Down,A,Down,Left
Up,Right,Up,C,C,Down,A,Right,Up
Up,Right,Up,C,C,Right,Up,Right,Right
Up,Right,Up,C,C,Right,Up,C,Left
Up,Right,Up,C,C,A,Up,Down,Right
Up,Right,Up,C,C,A,Up,C,Up
Up,Right,Up,C,C,B,Up,Down,Left
Up,Right,Up,C,C,B,Up,Right,Up
Up,Right,Up,C,A,Down,Right,Right,Right
Up,Right,Up,C,A,Down,Right,C,Left
Up,Right,Up,C,A,Down,C,Left,Right
Up,Right,Up,C,A,Down,C,C,Down
Up,Right,Up,C,A,Down,A,Left,Left
Up,Right,Up,C,A,Down,A,Right,Down
Up,Right,Up,C,A,C,Up,Right,Right
Up,Right,Up,C,A,C,Up,C,Left
Up,Right,Up,C,A,A,Up,Left,Right
Up,Right,Up,C,A,A,Up,C,Down
Up,Right,Up,C,A,B,Up,Left,Left
Up,Right,Up,C,A,B,Up,Right,Down
Up,Right,Up,C,B,Down,Down,Up,Right
Up,Right,Up,C,B,Down,Left,Down,Right
Up,Right,Up,C,B,Down,Left,C,Up
Up,Right,Up,C,B,Down,Right,Left,Right
Up,Right,Up,C,B,Down,Right,C,Down
Up,Right,Up,C,B,Down,C,Right,Right
Up,Right,Up,C,B,Down,C,C,Left
Up,Right,Up,C,B,Down,A,Down,Up
Up,Right,Up,C,B,Down,A,Left,Down
Up,Right,Up,C,B,Down,A,Right,Left
Up,Right,Up,C,B,Down,A,C,Right
Up,Right,Up,C,B,Down,A,A,C
Up,Right,Up,C,B,Down,A,B,A
Up,Right,Up,C,B,Down,B,C,C
Up,Right,Up,C,B,Down,B,A,Right
Up,Right,Up,C,B,Left,Up,Up,Right
Up,Right,Up,C,B,Right,Up,Down,Right
Up,Right,Up,C,B,Right,Up,C,Up
Up,Right,Up,C,B,C,Up,Left,Right
Up,Right,Up,C,B,C,Up,C,Down
Up,Right,Up,C,B,A,Up,Right,Right
Up,Right,Up,C,B,A,Up,C,Left
Up,Right,Up,C,B,B,Up,Down,Up
Up,Right,Up,C,B,B,Up,Left,Down
Up,Right,Up,C,B,B,Up,Right,Left
Up,Right,Up,C,B,B,Up,C,Right
Up,Right,Up,C,B,B,Up,A,C
Up,Right,Up,C,B,B,Up,B,A
Up,Right,Up,A,Left,Left,Left,Right,Right
Up,Right,Up,A,Left,Left,Left,C,Left
Up,Right,Up,A,Left,Left,C,Down,Right
Up,Right,Up,A,Left,Left,C,C,Up
Up,Right,Up,A,Left,Left,A,Down,Left
Up,Right,Up,A,Left,Left,A,Right,Up
Up,Right,Up,A,Left,Right,Down,Right,Right
Up,Right,Up,A,Left,Right,Down,C,Left
Up,Right,Up,A,Left,Right,C,Up,Right
Up,Right,Up,A,Left,Right,A,Up,Left
Up,Right,Up,A,Left,A,Down,Down,Right
Up,Right,Up,A,Left,A,Down,C,Up
Up,Right,Up,A,Left,A,Left,Up,Right
Up,Right,Up,A,Left,A,A,Up,Up
Up,Right,Up,A,Left,B,Down,Down,Left
Up,Right,Up,A,Left,B,Down,Right,Up
Up,Right,Up,A,Left,B,Left,Up,Left
Up,Right,Up,A,Left,B,C,Up,Up
Up,Right,Up,A,Right,Down,Left,Right,Right
Up,Right,Up,A,Right,Down,Left,C,Left
Up,Right,Up,A,Right,Down,C,Down,Right
Up,Right,Up,A,Right,Down,C,C,Up
Up,Right,Up,A,Right,Down,A,Down,Left
Up,Right,Up,A,Right,Down,A,Right,Up
Up,Right,Up,A,Right,Right,Up,Right,Right
Up,Right,Up,A,Right,Right,Up,C,Left
Up,Right,Up,A,Right,A,Up,Down,Right
Up,Right,Up,A,Right,A,Up,C,Up
Up,Right,Up,A,Right,B,Up,Down,Left
Up,Right,Up,A,Right,B,Up,Right,Up
Up,Right,Up,A,C,Down,Down,Right,Right
Up,Right,Up,A,C,Down,Down,C,Left
Up,Right,Up,A,C,Down,C,Up,Right
Up,Right,Up,A,C,Down,A,Up,Left
Up,Right,Up,A,C,Left,Up,Right,Right
Up,Right,Up,A,C,Left,Up,C,Left
Up,Right,Up,A,C,A,Up,Up,Right
Up,Right,Up,A,C,B,Up,Up,Left
Up,Right,Up,A,B,Down,Down,Down,Right
Up,Right,Up,A,B,Down,Down,C,Up
Up,Right,Up,A,B,Down,Left,Up,Right
Up,Right,Up,A,B,Down,A,Up,Up
Up,Right,Up,A,B,Left,Up,Down,Right
Up,Right,Up,A,B,Left,Up,C,Up
Up,Right,Up,A,B,Right,Up,Up,Right
Up,Right,Up,A,B,B,Up,Up,Up
Up,Right,Up,B,Left,Left,Right,Right,Right
Up,Right,Up,B,Left,Left,Right,C,Left
Up,Right,Up,B,Left,Left,C,Left,Right
Up,Right,Up,B,Left,Left,C,C,Down
Up,Right,Up,B,Left,Left,A,Left,Left
Up,Right,Up,B,Left,Left,A,Right,Down
Up,Right,Up,B,Left,C,Down,Right,Right
Up,Right,Up,B,Left,C,Down,C,Left
Up,Right,Up,B,Left,C,C,Up,Right
Up,Right,Up,B,Left,C,A,Up,Left
Up,Right,Up,B,Left,A,Down,Left,Right
Up,Right,Up,B,Left,A,Down,C,Down
Up,Right,Up,B,Left,A,Right,Up,Right
Up,Right,Up,B,Left,A,A,Up,Down
Up,Right,Up,B,Left,B,Down,Left,Left
Up,Right,Up,B,Left,B,Down,Right,Down
Up,Right,Up,B,Left,B,Right,Up,Left
Up,Right,Up,B,Left,B,C,Up,Down
Up,Right,Up,B,Right,Down,Right,Right,Right
Up,Right,Up,B,Right,Down,Right,C,Left
Up,Right,Up,B,Right,Down,C,Left,Right
Up,Right,Up,B,Right,Down,C,C,Down
Up,Right,Up,B,Right,Down,A,Left,Left
Up,Right,Up,B,Right,Down,A,Right,Down
Up,Right,Up,B,Right,C,Up,Right,Right
Up,Right,Up,B,Right,C,Up,C,Left
Up,Right,Up,B,Right,A,Up,Left,Right
Up,Right,Up,B,Right,A,Up,C,Down
Up,Right,Up,B,Right,B,Up,Left,Left
Up,Right,Up,B,Right,B,Up,Right,Down
Up,Right,Up,B,A,Down,Down,Right,Right
Up,Right,Up,B,A,Down,Down,C,Left
Up,Right,Up,B,A,Down,C,Up,Right
Up,Right,Up,B,A,Down,A,Up,Left
Up,Right,Up,B,A,Left,Up,Right,Right
Up,Right,Up,B,A,Left,Up,C,Left
Up,Right,Up,B,A,A,Up,Up,Right
Up,Right,Up,B,A,B,Up,Up,Left
Up,Right,Up,B,B,Down,Down,Left,Right
Up,Right,Up,B,B,Down,Down,C,Down
Up,Right,Up,B,B,Down,Right,Up,Right
Up,Right,Up,B,B,Down,A,Up,Down
Up,Right,Up,B,B,Left,Up,Left,Right
Up,Right,Up,B,B,Left,Up,C,Down
Up,Right,Up,B,B,C,Up,Up,Right
Up,Right,Up,B,B,B,Up,Up,Down
Up,C,Up,Down,Down,Down,Down,Right,Right
Up,C,Up,Down,Down,Down,Down,C,Left
Up,C,Up,Down,Down,Down,C,Up,Right
Up,C,Up,Down,Down,Down,A,Up,Left
Up,C,Up,Down,Down,Left,Up,Right,Right
Up,C,Up,Down,Down,Left,Up,C,Left
Up,C,Up,Down,Down,A,Up,Up,Right
Up,C,Up,Down,Down,B,Up,Up,Left
Up,C,Up,Down,Left,Up,Down,Right,Right
Up,C,Up,Down,Left,Up,Down,C,Left
Up,C,Up,Down,Left,Up,C,Up,Right
Up,C,Up,Down,Left,Up,A,Up,Left
Up,C,Up,Down,Right,Up,Up,Right,Right
Up,C,Up,Down,Right,Up,Up,C,Left
Up,C,Up,Down,B,Up,Up,Up,Right
Up,C,Up,Left,Up,Down,Down,Right,Right
Up,C,Up,Left,Up,Down,Down,C,Left
Up,C,Up,Left,Up,Down,C,Up,Right
Up,C,Up,Left,Up,Down,A,Up,Left
Up,C,Up,Left,Up,Left,Up,Right,Right
Up,C,Up,Left,Up,Left,Up,C,Left
Up,C,Up,Left,Up,A,Up,Up,Right
Up,C,Up,Left,Up,B,Up,Up,Left
Up,C,Up,Right,Up,Up,Down,Right,Right
Up,C,Up,Right,Up,Up,Down,C,Left
Up,C,Up,Right,Up,Up,C,Up,Right
Up,C,Up,Right,Up,Up,A,Up,Left
Up,C,Up,C,Up,Up,Up,Right,Right
Up,C,Up,C,Up,Up,Up,C,Left
Up,A,Up,Down,Down,Up,Down,Right,Right
Up,A,Up,Down,Down,Up,Down,C,Left
Up,A,Up,Down,Down,Up,C,Up,Right
Up,A,Up,Down,Down,Up,A,Up,Left
Up,A,Up,Down,Left,Down,Down,Right,Right
Up,A,Up,Down,Left,Down,Down,C,Left
Up,A,Up,Down,Left,Down,C,Up,Right
Up,A,Up,Down,Left,Down,A,Up,Left
Up,A,Up,Down,Left,Left,Up,Right,Right
Up,A,Up,Down,Left,Left,Up,C,Left
Up,A,Up,Down,Left,A,Up,Up,Right
Up,A,Up,Down,Left,B,Up,Up,Left
Up,A,Up,Down,Right,Down,Up,Right,Right
Up,A,Up,Down,Right,Down,Up,C,Left
Up,A,Up,Down,Right,Left,Down,Right,Right
Up,A,Up,Down,Right,Left,Down,C,Left
Up,A,Up,Down,Right,Left,C,Up,Right
Up,A,Up,Down,Right,Left,A,Up,Left
Up,A,Up,Down,Right,Right,Left,Right,Right
Up,A,Up,Down,Right,Right,Left,C,Left
Up,A,Up,Down,Right,Right,C,Down,Right
Up,A,Up,Down,Right,Right,C,C,Up
Up,A,Up,Down,Right,Right,A,Down,Left
Up,A,Up,Down,Right,Right,A,Right,Up
Up,A,Up,Down,Right,C,Right,Right,Right
Up,A,Up,Down,Right,C,Right,C,Left
Up,A,Up,Down,Right,C,C,Left,Right
Up,A,Up,Down,Right,C,C,C,Down
Up,A,Up,Down,Right,C,A,Left,Left
Up,A,Up,Down,Right,C,A,Right,Down
Up,A,Up,Down,Right,A,Down,Up,Right
Up,A,Up,Down,Right,A,Left,Down,Right
Up,A,Up,Down,Right,A,Left,C,Up
Up,A,Up,Down,Right,A,Right,Left,Right
Up,A,Up,Down,Right,A,Right,C,Down
Up,A,Up,Down,Right,A,C,Right,Right
Up,A,Up,Down,Right,A,C,C,Left
Up,A,Up,Down,Right,A,A,Down,Up
Up,A,Up,Down,Right,A,A,Left,Down
Up,A,Up,Down,Right,A,A,Right,Left
Up,A,Up,Down,Right,A,A,C,Right
Up,A,Up,Down,Right,A,A,A,C
Up,A,Up,Down,Right,A,A,B,A
Up,A,Up,Down,Right,A,B,C,C
Up,A,Up,Down,Right,A,B,A,Right
Up,A,Up,Down,Right,B,Down,Up,Left
Up,A,Up,Down,Right,B,Left,Down,Left
Up,A,Up,Down,Right,B,Left,Right,Up
Up,A,Up,Down,Right,B,Right,Left,Left
Up,A,Up,Down,Right,B,Right,Right,Down
Up,A,Up,Down,Right,B,C,Down,Up
Up,A,Up,Down,Right,B,C,Left,Down
Up,A,Up,Down,Right,B,C,Right,Left
Up,A,Up,Down,Right,B,C,C,Right
Up,A,Up,Down,Right,B,C,A,C
Up,A,Up,Down,Right,B,C,B,A
Up,A,Up,Down,Right,B,A,Right,Right
Up,A,Up,Down,Right,B,A,C,Left
Up,A,Up,Down,Right,B,B,Right,C
Up,A,Up,Down,Right,B,B,A,Left
Up,A,Up,Down,C,Left,Left,Right,Right
Up,A,Up,Down,C,Left,Left,C,Left
Up,A,Up,Down,C,Left,C,Down,Right
Up,A,Up,Down,C,Left,C,C,Up
Up,A,Up,Down,C,Left,A,Down,Left
Up,A,Up,Down,C,Left,A,Right,Up
Up,A,Up,Down,C,Right,Down,Right,Right
Up,A,Up,Down,C,Right,Down,C,Left
Up,A,Up,Down,C,Right,C,Up,Right
Up,A,Up,Down,C,Right,A,Up,Left
Up,A,Up,Down,C,A,Down,Down,Right
Up,A,Up,Down,C,A,Down,C,Up
Up,A,Up,Down,C,A,Left,Up,Right
Up,A,Up,Down,C,A,A,Up,Up
Up,A,Up,Down,C,B,Down,Down,Left
Up,A,Up,Down,C,B,Down,Right,Up
Up,A,Up,Down,C,B,Left,Up,Left
Up,A,Up,Down,C,B,C,Up,Up
Up,A,Up,Down,A,Left,Right,Right,Right
Up,A,Up,Down,A,Left,Right,C,Left
Up,A,Up,Down,A,Left,C,Left,Right
Up,A,Up,Down,A,Left,C,C,Down
Up,A,Up,Down,A,Left,A,Left,Left
Up,A,Up,Down,A,Left,A,Right,Down
Up,A,Up,Down,A,C,Down,Right,Right
Up,A,Up,Down,A,C,Down,C,Left
Up,A,Up,Down,A,C,C,Up,Right
Up,A,Up,Down,A,C,A,Up,Left
Up,A,Up,Down,A,A,Down,Left,Right
Up,A,Up,Down,A,A,Down,C,Down
Up,A,Up,Down,A,A,Right,Up,Right
Up,A,Up,Down,A,A,A,Up,Down
Up,A,Up,Down,A,B,Down,Left,Left
Up,A,Up,Down,A,B,Down,Right,Down
Up,A,Up,Down,A,B,Right,Up,Left
Up,A,Up,Down,A,B,C,Up,Down
Up,A,Up,Down,B,Down,Up,Up,Right
Up,A,Up,Down,B,Left,Down,Up,Right
Up,A,Up,Down,B,Left,Left,Down,Right
Up,A,Up,Down,B,Left,Left,C,Up
Up,A,Up,Down,B,Left,Right,Left,Right
Up,A,Up,Down,B,Left,Right,C,Down
Up,A,Up,Down,B,Left,C,Right,Right
Up,A,Up,Down,B,Left,C,C,Left
Up,A,Up,Down,B,Left,A,Down,Up
Up,A,Up,Down,B,Left,A,Left,Down
Up,A,Up,Down,B,Left,A,Right,Left
Up,A,Up,Down,B,Left,A,C,Right
Up,A,Up,Down,B,Left,A,A,C
Up,A,Up,Down,B,Left,A,B,A
Up,A,Up,Down,B,Left,B,C,C
Up,A,Up,Down,B,Left,B,A,Right
Up,A,Up,Down,B,Right,Down,Down,Right
Up,A,Up,Down,B,Right,Down,C,Up
Up,A,Up,Down,B,Right,Left,Up,Right
Up,A,Up,Down,B,Right,A,Up,Up
Up,A,Up,Down,B,C,Down,Left,Right
Up,A,Up,Down,B,C,Down,C,Down
Up,A,Up,Down,B,C,Right,Up,Right
Up,A,Up,Down,B,C,A,Up,Down
Up,A,Up,Down,B,A,Down,Right,Right
Up,A,Up,Down,B,A,Down,C,Left
Up,A,Up,Down,B,A,C,Up,Right
Up,A,Up,Down,B,A,A,Up,Left
Up,A,Up,Down,B,B,Down,Down,Up
Up,A,Up,Down,B,B,Down,Left,Down
Up,A,Up,Down,B,B,Down,Right,Left
Up,A,Up,Down,B,B,Down,C,Right
Up,A,Up,Down,B,B,Down,A,C
Up,A,Up,Down,B,B,Down,B,A
Up,A,Up,Down,B,B,Left,Up,Up
Up,A,Up,Down,B,B,Right,Up,Down
Up,A,Up,Down,B,B,C,Up,Left
Up,A,Up,Down,B,B,A,Up,Right
Up,A,Up,Down,B,B,B,Up,C
Up,A,Up,Left,Up,Up,Down,Right,Right
Up,A,Up,Left,Up,Up,Down,C,Left
Up,A,Up,Left,Up,Up,C,Up,Right
Up,A,Up,Left,Up,Up,A,Up,Left
Up,A,Up,Right,Up,Down,Down,Right,Right
Up,A,Up,Right,Up,Down,Down,C,Left
Up,A,Up,Right,Up,Down,C,Up,Right
Up,A,Up,Right,Up,Down,A,Up,Left
Up,A,Up,Right,Up,Left,Up,Right,Right
Up,A,Up,Right,Up,Left,Up,C,Left
Up,A,Up,Right,Up,A,Up,Up,Right
Up,A,Up,Right,Up,B,Up,Up,Left
Up,A,Up,C,Up,Down,Up,Right,Right
Up,A,Up,C,Up,Down,Up,C,Left
Up,A,Up,C,Up,Left,Down,Right,Right
Up,A,Up,C,Up,Left,Down,C,Left
Up,A,Up,C,Up,Left,C,Up,Right
Up,A,Up,C,Up,Left,A,Up,Left
Up,A,Up,C,Up,Right,Left,Right,Right
Up,A,Up,C,Up,Right,Left,C,Left
Up,A,Up,C,Up,Right,C,Down,Right
Up,A,Up,C,Up,Right,C,C,Up
Up,A,Up,C,Up,Right,A,Down,Left
Up,A,Up,C,Up,Right,A,Right,Up
Up,A,Up,C,Up,C,Right,Right,Right
Up,A,Up,C,Up,C,Right,C,Left
Up,A,Up,C,Up,C,C,Left,Right
Up,A,Up,C,Up,C,C,C,Down
Up,A,Up,C,Up,C,A,Left,Left
Up,A,Up,C,Up,C,A,Right,Down
Up,A,Up,C,Up,A,Down,Up,Right
Up,A,Up,C,Up,A,Left,Down,Right
Up,A,Up,C,Up,A,Left,C,Up
Up,A,Up,C,Up,A,Right,Left,Right
Up,A,Up,C,Up,A,Right,C,Down
Up,A,Up,C,Up,A,C,Right,Right
Up,A,Up,C,Up,A,C,C,Left
Up,A,Up,C,Up,A,A,Down,Up
Up,A,Up,C,Up,A,A,Left,Down
Up,A,Up,C,Up,A,A,Right,Left
Up,A,Up,C,Up,A,A,C,Right
Up,A,Up,C,Up,A,A,A,C
Up,A,Up,C,Up,A,A,B,A
Up,A,Up,C,Up,A,B,C,C
Up,A,Up,C,Up,A,B,A,Right
Up,A,Up,C,Up,B,Down,Up,Left
Up,A,Up,C,Up,B,Left,Down,Left
Up,A,Up,C,Up,B,Left,Right,Up
Up,A,Up,C,Up,B,Right,Left,Left
Up,A,Up,C,Up,B,Right,Right,Down
Up,A,Up,C,Up,B,C,Down,Up
Up,A,Up,C,Up,B,C,Left,Down
Up,A,Up,C,Up,B,C,Right,Left
Up,A,Up,C,Up,B,C,C,Right
Up,A,Up,C,Up,B,C,A,C
Up,A,Up,C,Up,B,C,B,A
Up,A,Up,C,Up,B,A,Right,Right
Up,A,Up,C,Up,B,A,C,Left
Up,A,Up,C,Up,B,B,Right,C
Up,A,Up,C,Up,B,B,A,Left
Up,A,Up,A,Up,Left,Left,Right,Right
Up,A,Up,A,Up,Left,Left,C,Left
Up,A,Up,A,Up,Left,C,Down,Right
Up,A,Up,A,Up,Left,C,C,Up
Up,A,Up,A,Up,Left,A,Down,Left
Up,A,Up,A,Up,Left,A,Right,Up
Up,A,Up,A,Up,Right,Down,Right,Right
Up,A,Up,A,Up,Right,Down,C,Left
Up,A,Up,A,Up,Right,C,Up,Right
Up,A,Up,A,Up,Right,A,Up,Left
Up,A,Up,A,Up,A,Down,Down,Right
Up,A,Up,A,Up,A,Down,C,Up
Up,A,Up,A,Up,A,Left,Up,Right
Up,A,Up,A,Up,A,A,Up,Up
Up,A,Up,A,Up,B,Down,Down,Left
Up,A,Up,A,Up,B,Down,Right,Up
Up,A,Up,A,Up,B,Left,Up,Left
Up,A,Up,A,Up,B,C,Up,Up
Up,A,Up,B,Up,Left,Right,Right,Right
Up,A,Up,B,Up,Left,Right,C,Left
Up,A,Up,B,Up,Left,C,Left,Right
Up,A,Up,B,Up,Left,C,C,Down
Up,A,Up,B,Up,Left,A,Left,Left
Up,A,Up,B,Up,Left,A,Right,Down
Up,A,Up,B,Up,C,Down,Right,Right
Up,A,Up,B,Up,C,Down,C,Left
Up,A,Up,B,Up,C,C,Up,Right
Up,A,Up,B,Up,C,A,Up,Left
Up,A,Up,B,Up,A,Down,Left,Right
Up,A,Up,B,Up,A,Down,C,Down
Up,A,Up,B,Up,A,Right,Up,Right
Up,A,Up,B,Up,A,A,Up,Down
Up,A,Up,B,Up,B,Down,Left,Left
Up,A,Up,B,Up,B,Down,Right,Down
Up,A,Up,B,Up,B,Right,Up,Left
Up,A,Up,B,Up,B,C,Up,Down
Up,B,Up,Down,Down,Up,Up,Right,Right
Up,B,Up,Down,Down,Up,Up,C,Left
Up,B,Up,Down,Left,Down,Up,Right,Right
Up,B,Up,Down,Left,Down,Up,C,Left
Up,B,Up,Down,Left,Left,Down,Right,Right
Up,B,Up,Down,Left,Left,Down,C,Left
Up,B,Up,Down,Left,Left,C,Up,Right
Up,B,Up,Down,Left,Left,A,Up,Left
Up,B,Up,Down,Left,Right,Left,Right,Right
Up,B,Up,Down,Left,Right,Left,C,Left
Up,B,Up,Down,Left,Right,C,Down,Right
Up,B,Up,Down,Left,Right,C,C,Up
Up,B,Up,Down,Left,Right,A,Down,Left
Up,B,Up,Down,Left,Right,A,Right,Up
Up,B,Up,Down,Left,C,Right,Right,Right
Up,B,Up,Down,Left,C,Right,C,Left
Up,B,Up,Down,Left,C,C,Left,Right
Up,B,Up,Down,Left,C,C,C,Down
Up,B,Up,Down,Left,C,A,Left,Left
Up,B,Up,Down,Left,C,A,Right,Down
Up,B,Up,Down,Left,A,Down,Up,Right
Up,B,Up,Down,Left,A,Left,Down,Right
Up,B,Up,Down,Left,A,Left,C,Up
Up,B,Up,Down,Left,A,Right,Left,Right
Up,B,Up,Down,Left,A,Right,C,Down
Up,B,Up,Down,Left,A,C,Right,Right
Up,B,Up,Down,Left,A,C,C,Left
Up,B,Up,Down,Left,A,A,Down,Up
Up,B,Up,Down,Left,A,A,Left,Down
Up,B,Up,Down,Left,A,A,Right,Left
Up,B,Up,Down,Left,A,A,C,Right
Up,B,Up,Down,Left,A,A,A,C
Up,B,Up,Down,Left,A,A,B,A
Up,B,Up,Down,Left,A,B,C,C
Up,B,Up,Down,Left,A,B,A,Right
Up,B,Up,Down,Left,B,Down,Up,Left
Up,B,Up,Down,Left,B,Left,Down,Left
Up,B,Up,Down,Left,B,Left,Right,Up
Up,B,Up,Down,Left,B,Right,Left,Left
Up,B,Up,Down,Left,B,Right,Right,Down
Up,B,Up,Down,Left,B,C,Down,Up
Up,B,Up,Down,Left,B,C,Left,Down
Up,B,Up,Down,Left,B,C,Right,Left
Up,B,Up,Down,Left,B,C,C,Right
Up,B,Up,Down,Left,B,C,A,C
Up,B,Up,Down,Left,B,C,B,A
Up,B,Up,Down,Left,B,A,Right,Right
Up,B,Up,Down,Left,B,A,C,Left
Up,B,Up,Down,Left,B,B,Right,C
Up,B,Up,Down,Left,B,B,A,Left
Up,B,Up,Down,Right,Down,Down,Right,Right
Up,B,Up,Down,Right,Down,Down,C,Left
Up,B,Up,Down,Right,Down,C,Up,Right
Up,B,Up,Down,Right,Down,A,Up,Left
Up,B,Up,Down,Right,Left,Up,Right,Right
Up,B,Up,Down,Right,Left,Up,C,Left
Up,B,Up,Down,Right,A,Up,Up,Right
Up,B,Up,Down,Right,B,Up,Up,Left
Up,B,Up,Down,C,Down,Left,Right,Right
Up,B,Up,Down,C,Down,Left,C,Left
Up,B,Up,Down,C,Down,C,Down,Right
Up,B,Up,Down,C,Down,C,C,Up
Up,B,Up,Down,C,Down,A,Down,Left
Up,B,Up,Down,C,Down,A,Right,Up
Up,B,Up,Down,C,Right,Up,Right,Right
Up,B,Up,Down,C,Right,Up,C,Left
Up,B,Up,Down,C,A,Up,Down,Right
Up,B,Up,Down,C,A,Up,C,Up
Up,B,Up,Down,C,B,Up,Down,Left
Up,B,Up,Down,C,B,Up,Right,Up
Up,B,Up,Down,A,Down,Right,Right,Right
Up,B,Up,Down,A,Down,Right,C,Left
Up,B,Up,Down,A,Down,C,Left,Right
Up,B,Up,Down,A,Down,C,C,Down
Up,B,Up,Down,A,Down,A,Left,Left
Up,B,Up,Down,A,Down,A,Right,Down
Up,B,Up,Down,A,C,Up,Right,Right
Up,B,Up,Down,A,C,Up,C,Left
Up,B,Up,Down,A,A,Up,Left,Right
Up,B,Up,Down,A,A,Up,C,Down
Up,B,Up,Down,A,B,Up,Left,Left
Up,B,Up,Down,A,B,Up,Right,Down
Up,B,Up,Down,B,Down,Down,Up,Right
Up,B,Up,Down,B,Down,Left,Down,Right
Up,B,Up,Down,B,Down,Left,C,Up
Up,B,Up,Down,B,Down,Right,Left,Right
Up,B,Up,Down,B,Down,Right,C,Down
Up,B,Up,Down,B,Down,C,Right,Right
Up,B,Up,Down,B,Down,C,C,Left
Up,B,Up,Down,B,Down,A,Down,Up
Up,B,Up,Down,B,Down,A,Left,Down
Up,B,Up,Down,B,Down,A,Right,Left
Up,B,Up,Down,B,Down,A,C,Right
Up,B,Up,Down,B,Down,A,A,C
Up,B,Up,Down,B,Down,A,B,A
Up,B,Up,Down,B,Down,B,C,C
Up,B,Up,Down,B,Down,B,A,Right
Up,B,Up,Down,B,Left,Up,Up,Right
Up,B,Up,Down,B,Right,Up,Down,Right
Up,B,Up,Down,B,Right,Up,C,Up
Up,B,Up,Down,B,C,Up,Left,Right
Up,B,Up,Down,B,C,Up,C,Down
Up,B,Up,Down,B,A,Up,Right,Right
Up,B,Up,Down,B,A,Up,C,Left
Up,B,Up,Down,B,B,Up,Down,Up
Up,B,Up,Down,B,B,Up,Left,Down
Up,B,Up,Down,B,B,Up,Right,Left
Up,B,Up,Down,B,B,Up,C,Right
Up,B,Up,Down,B,B,Up,A,C
Up,B,Up,Down,B,B,Up,B,A
Up,B,Up,Left,Up,Up,Up,Right,Right
Up,B,Up,Left,Up,Up,Up,C,Left
Up,B,Up,Right,Up,Down,Up,Right,Right
Up,B,Up,Right,Up,Down,Up,C,Left
Up,B,Up,Right,Up,Left,Down,Right,Right
Up,B,Up,Right,Up,Left,Down,C,Left
Up,B,Up,Right,Up,Left,C,Up,Right
Up,B,Up,Right,Up,Left,A,Up,Left
Up,B,Up,Right,Up,Right,Left,Right,Right
Up,B,Up,Right,Up,Right,Left,C,Left
Up,B,Up,Right,Up,Right,C,Down,Right
Up,B,Up,Right,Up,Right,C,C,Up
Up,B,Up,Right,Up,Right,A,Down,Left
Up,B,Up,Right,Up,Right,A,Right,Up
Up,B,Up,Right,Up,C,Right,Right,Right
Up,B,Up,Right,Up,C,Right,C,Left
Up,B,Up,Right,Up,C,C,Left,Right
Up,B,Up,Right,Up,C,C,C,Down
Up,B,Up,Right,Up,C,A,Left,Left
Up,B,Up,Right,Up,C,A,Right,Down
Up,B,Up,Right,Up,A,Down,Up,Right
Up,B,Up,Right,Up,A,Left,Down,Right
Up,B,Up,Right,Up,A,Left,C,Up
Up,B,Up,Right,Up,A,Right,Left,Right
Up,B,Up,Right,Up,A,Right,C,Down
Up,B,Up,Right,Up,A,C,Right,Right
Up,B,Up,Right,Up,A,C,C,Left
Up,B,Up,Right,Up,A,A,Down,Up
Up,B,Up,Right,Up,A,A,Left,Down
Up,B,Up,Right,Up,A,A,Right,Left
Up,B,Up,Right,Up,A,A,C,Right
Up,B,Up,Right,Up,A,A,A,C
Up,B,Up,Right,Up,A,A,B,A
Up,B,Up,Right,Up,A,B,C,C
Up,B,Up,Right,Up,A,B,A,Right
Up,B,Up,Right,Up,B,Down,Up,Left
Up,B,Up,Right,Up,B,Left,Down,Left
Up,B,Up,Right,Up,B,Left,Right,Up
Up,B,Up,Right,Up,B,Right,Left,Left
Up,B,Up,Right,Up,B,Right,Right,Down
Up,B,Up,Right,Up,B,C,Down,Up
Up,B,Up,Right,Up,B,C,Left,Down
Up,B,Up,Right,Up,B,C,Right,Left
Up,B,Up,Right,Up,B,C,C,Right
Up,B,Up,Right,Up,B,C,A,C
Up,B,Up,Right,Up,B,C,B,A
Up,B,Up,Right,Up,B,A,Right,Right
Up,B,Up,Right,Up,B,A,C,Left
Up,B,Up,Right,Up,B,B,Right,C
Up,B,Up,Right,Up,B,B,A,Left
Up,B,Up,C,Up,Down,Down,Right,Right
Up,B,Up,C,Up,Down,Down,C,Left
Up,B,Up,C,Up,Down,C,Up,Right
Up,B,Up,C,Up,Down,A,Up,Left
Up,B,Up,C,Up,Left,Up,Right,Right
Up,B,Up,C,Up,Left,Up,C,Left
Up,B,Up,C,Up,A,Up,Up,Right
Up,B,Up,C,Up,B,Up,Up,Left
Up,B,Up,A,Up,Down,Left,Right,Right
Up,B,Up,A,Up,Down,Left,C,Left
Up,B,Up,A,Up,Down,C,Down,Right
Up,B,Up,A,Up,Down,C,C,Up
Up,B,Up,A,Up,Down,A,Down,Left
Up,B,Up,A,Up,Down,A,Right,Up
Up,B,Up,A,Up,Right,Up,Right,Right
Up,B,Up,A,Up,Right,Up,C,Left
Up,B,Up,A,Up,A,Up,Down,Right
Up,B,Up,A,Up,A,Up,C,Up
Up,B,Up,A,Up,B,Up,Down,Left
Up,B,Up,A,Up,B,Up,Right,Up
Up,B,Up,B,Up,Down,Right,Right,Right
Up,B,Up,B,Up,Down,Right,C,Left
Up,B,Up,B,Up,Down,C,Left,Right
Up,B,Up,B,Up,Down,C,C,Down
Up,B,Up,B,Up,Down,A,Left,Left
Up,B,Up,B,Up,Down,A,Right,Down
Up,B,Up,B,Up,C,Up,Right,Right
Up,B,Up,B,Up,C,Up,C,Left
Up,B,Up,B,Up,A,Up,Left,Right
Up,B,Up,B,Up,A,Up,C,Down
Up,B,Up,B,Up,B,Up,Left,Left
Up,B,Up,B,Up,B,Up,Right,Down
